id,description,dci,duree_max_jours,signes_alerte,orientation,remarque
fievre_legere,"Fièvre légère, moins de 38,5 °C (skhana khfifa, سخانة خفيفة)",PARACETAMOL,3,"fièvre au-dessus de 39 °C ; nuque raide ; taches sur la peau ; confusion ; fièvre au retour d'un voyage",PHARMACIEN,"Si la fièvre persiste ou s'aggrave, consulter"
mal_de_tete,"Mal de tête léger ou modéré (ras kaydrni, صداع)",PARACETAMOL,3,"mal de tête brutal et violent ; troubles de la vue ou de la parole ; après un choc à la tête ; fièvre avec nuque raide",PHARMACIEN,"Ne pas utiliser cette catégorie pour une douleur inhabituelle ou très intense"
douleur_legere,"Autre douleur légère, sans cause précise (ألم خفيف)",PARACETAMOL,3,"douleur intense ; gonflement du visage ou de la joue ; fièvre ; douleur après un traumatisme important",PHARMACIEN,"La cause de la douleur doit être prise en compte"
mal_de_gorge,"Mal de gorge léger (7al9i kaydrni, ألم الحلق)",PARACETAMOL,3,"difficulté à avaler ou à respirer ; forte fièvre ; plaques blanches dans la gorge ; gonflement important",PHARMACIEN,"Soulage seulement la douleur ; pas d'antibiotique sans avis médical"
diarrhee_legere,"Diarrhée légère, sans sang (kerch jarya, إسهال)",DIOSMECTITE,2,"sang dans les selles ; forte fièvre ; vomissements empêchant de boire ; bouche sèche ; peu d'urine ; douleur abdominale intense",PHARMACIEN,"Boire suffisamment pour éviter la déshydratation"
spasmes_ventre,"Crampes ou douleurs de ventre légères (kerch katqte3, مغص)",PHLOROGLUCINOL,2,"douleur intense ; douleur en bas à droite du ventre ; ventre dur ; fièvre ; vomissements ; absence de selles et de gaz",PHARMACIEN,"Une douleur abdominale persistante nécessite un avis médical"
brulures_estomac,"Brûlures d'estomac ou remontées acides occasionnelles (7ri9 f l'ma3da, حموضة)","ALGINATE DE SODIUM // BICARBONATE DE SODIUM",7,"vomissement de sang ; selles noires ; douleur dans la poitrine ; perte de poids ; difficulté à avaler",PHARMACIEN,"Si les symptômes deviennent fréquents ou persistants, consulter"
constipation,"Constipation passagère (msdoud, إمساك)",MACROGOL 4000,7,"sang dans les selles ; douleur abdominale intense ; absence de selles et de gaz ; vomissements ; perte de poids",PHARMACIEN,"Boire suffisamment et favoriser une alimentation riche en fibres"
allergie_saisonniere,"Allergie connue : éternuements, nez qui coule, yeux qui grattent (7assassiya, حساسية)",CETIRIZINE (DICHLORHYDRATE)|CETIRIZINE,7,"gonflement du visage, des lèvres ou de la gorge ; difficulté à respirer ; malaise",PHARMACIEN,"Peut provoquer de la somnolence chez certaines personnes"
allergie_saisonniere,"Allergie connue : éternuements, nez qui coule, yeux qui grattent (7assassiya, حساسية)",LORATADINE,7,"gonflement du visage, des lèvres ou de la gorge ; difficulté à respirer ; malaise",PHARMACIEN,"Demander conseil au pharmacien en cas de doute"
fatigue,"Fatigue passagère (3ya, تعب)",VITAMINE C (ACIDE ASCORBIQUE),7,"fatigue depuis plus de 2 semaines ; perte de poids ; essoufflement ; fièvre ; malaise important",MEDECIN,"La fatigue persistante peut avoir de nombreuses causes"
toux,"Toux sans gêne pour respirer (k7ba, كحة)",,5,"difficulté à respirer ; sang en toussant ; forte fièvre ; douleur thoracique ; toux depuis plus de 3 semaines",PHARMACIEN,"Le produit dépend du type de toux ; le pharmacien peut orienter"
rhume,"Rhume : nez qui coule ou bouché, éternuements, léger mal de gorge ensemble (zokam, rwa7, زكام)",,7,"forte fièvre ; difficulté à respirer ; douleur intense au visage ou aux oreilles ; symptômes depuis plus de 10 jours",PHARMACIEN,"Le sérum physiologique nasal n'est pas dans la base"
nausee_legere,"Nausées légères et occasionnelles (ghathyan, غثيان)",,2,"vomissements répétés ; sang dans les vomissements ; douleur abdominale intense ; signes de déshydratation ; confusion",PHARMACIEN,"Rechercher la cause si les nausées persistent"
vomissement,"Vomissement occasionnel sans signe de gravité (tqya, تقيؤ)",,1,"sang dans les vomissements ; vomissements répétés ; impossibilité de boire ; douleur abdominale intense ; confusion",PHARMACIEN,"Risque de déshydratation"
ballonnements,"Ballonnements ou sensation de ventre gonflé (nefkh, نفخ)",,3,"douleur abdominale intense ; ventre très gonflé et dur ; vomissements ; absence de selles et de gaz ; sang dans les selles",PHARMACIEN,"Si les symptômes sont fréquents ou persistants, consulter"
gaz,"Gaz intestinaux occasionnels (ryeh, رياح)",,3,"douleur abdominale intense ; ventre dur ; vomissements ; sang dans les selles ; perte de poids",PHARMACIEN,"Une gêne persistante nécessite une recherche de cause"
douleur_dentaire,"Douleur dentaire légère (sennan kaydrni, ألم الأسنان)",PARACETAMOL,3,"gonflement du visage ; gonflement de la gorge ; fièvre ; difficulté à avaler ou respirer",DENTISTE,"Un antidouleur ne traite pas la cause dentaire"
douleurs_regles,"Douleurs menstruelles légères (l7ayd kaydrni, ألم الدورة)",PARACETAMOL,3,"douleur très intense ou inhabituelle ; saignement très abondant ; malaise ; fièvre ; grossesse possible",PHARMACIEN,"Consulter si les douleurs sont inhabituelles ou persistent"
courbatures,"Courbatures légères après un effort (3ya f l3dalat, آلام العضلات)",PARACETAMOL,3,"douleur intense ; faiblesse importante ; fièvre élevée ; gonflement important ; douleur après traumatisme",PHARMACIEN,"Le contexte et la cause doivent être pris en compte"
piqure_insecte,"Réaction locale légère après une piqûre d'insecte (qorsat 7achra, قرصة حشرة)",,2,"gonflement du visage ou de la gorge ; difficulté à respirer ; malaise ; réaction généralisée",PHARMACIEN,"Une réaction généralisée peut être une urgence"
petite_blessure,"Petite coupure ou éraflure superficielle (jer7 sghir, جرح صغير)",,3,"saignement important ; plaie profonde ; corps étranger ; rougeur qui s'étend ; pus ; fièvre",PHARMACIEN,"Nettoyage et surveillance de la plaie"
brulure_legere,"Petite brûlure superficielle (7ri9 sghir, حرق بسيط)",,3,"brûlure étendue ; brûlure profonde ; atteinte du visage, des mains ou des parties génitales ; difficulté à respirer",PHARMACIEN,"Les brûlures importantes nécessitent une évaluation médicale"
nez_bouche,"Nez bouché sans signe de gravité (menkher msdoud, أنف مسدود)",,7,"difficulté à respirer ; douleur faciale intense ; forte fièvre ; symptômes prolongés",PHARMACIEN,"Le sérum physiologique nasal n'est pas dans la base"
nez_qui_coule,"Nez qui coule sans signe de gravité (menkher kayjri, سيلان الأنف)",,7,"forte fièvre ; difficulté à respirer ; douleur importante au visage ; symptômes persistants",PHARMACIEN,"Peut être associé à un rhume ou une allergie"
mal_des_transports,"Nausées liées au transport (tqya f tomobil, دوار السفر)",,1,"vomissements répétés ; malaise important ; perte de connaissance ; symptômes sans lien avec le transport",PHARMACIEN,"Demander conseil au pharmacien avant toute prise de médicament"
